<?xml version="1.0" encoding="utf-8"?>
<PvsPackageData>
  <ProviderName>Kofax</ProviderName>
  <PackageFile>package.zip</PackageFile>
  <SolutionAnchorName>KTA-D365CE-Connector-PKG.zip</SolutionAnchorName>
  <StartDate>12/21/2021</StartDate>
  <EndDate>01/01/2031</EndDate>
  <SupportedCountries>US,CA</SupportedCountries>
  <LearnMoreLink>https://www.kofax.com</LearnMoreLink>
  <Locales>
    <PackageLocale Code="1033" IsDefault="true">
      <Logo>logo32x32.png</Logo>
      <Terms>
        <PackageTerm File="TermsOfUse.html" />
      </Terms>
    </PackageLocale>
  </Locales>
</PvsPackageData>