<?xml version="1.0" encoding="utf-16"?>
<ArrayOfProjectIdentity xmlns:xsd="http://www.w3.org/2001/XMLSchema" xmlns:xsi="http://www.w3.org/2001/XMLSchema-instance">
  <ProjectIdentity>
    <Id>C866CF4286EC370507832C08A4C11887</Id>
    <Version>1</Version>
    <Name>Case Form Classification Group</Name>
  </ProjectIdentity>
  <ProjectIdentity>
    <Id>E1B587993FF7E9FE66704614FF0EDF5E</Id>
    <Version>1</Version>
    <Name>Case Forms</Name>
  </ProjectIdentity>
</ArrayOfProjectIdentity>